{
  "name": "PJON",
  "description": "PJON is an open-source, multi-master, multi-media network protocol stack",
  "homepage": "https://www.pjon.org",
  "keywords": "communication, bus, protocol, network, multi, master, media",
  "license": "Apache-2.0",
  "authors":
  {
    "name": "Giovanni Blu Mitolo",
    "email": "gioscarab@gmail.com",
    "maintainer": true
  },
  "repository":
  {
    "type": "git",
    "url": "https://github.com/gioblu/PJON.git"
  },
  "version": "11.0",
  "examples": [
    "examples/*/*/*/*/*.ino",
    "examples/*/*/*/*/*.h",
    "examples/*/*/*/*/*/*.ino",
    "examples/*/*/*/*/*/*.h",
    "examples/*/*/*/*/*/*/*.ino",
    "examples/*/*/*/*/*/*/*.h"
  ],
  "frameworks": [
    "arduino",
    "wiringpi"
  ],
  "platforms": [
    "atmelavr",
    "atmelsam",
    "espressif8266",
    "espressif32",
    "teensy",
    "linux_x86_64",
    "windows_x86",
    "ststm32"
  ],
  "build" : {
    "flags": "-std=c++11"
  }
}
