{
"name": "OneWireHub",
"frameworks": "Arduino",
"keywords": "onewire, 1-wire, bus, slave, sensor, temperature, voltage, current, memory, BAE910, DS1822, DS18B20, DS18S20, DS1990, DS2401, DS2405, DS2408, DS2411, DS2413, DS2423, DS2431, DS2432, DS2433, DS2438, DS2450, DS2501, DS2502, DS2503, DS2505, DS2506, DS2890",
"description": "OneWire slave device emulator with support for up to 32 simultaneous devices",
"authors":
[
    {
        "name": "Ingmar Splitt",
        "url": "https://github.com/orgua",
        "maintainer": true
    },
    {
        "name": "MarkusLange"
    },
    {
        "name": "Shagrat2"
    }
],
"repository":
{
    "type": "git",
    "url": "https://github.com/orgua/OneWireHub"
},
    "version": "2.2.1",
    "examples": [
        "examples/*/*.ino"
    ]
}