<vistrail id="" name="" version="1.0.4" xmlns:xsi="http://www.w3.org/2001/XMLSchema-instance" xsi:schemaLocation="http://www.vistrails.org/vistrail.xsd">
  <action date="2018-12-01 11:21:52" id="1" prevId="0" session="0" user="nobody">
    <annotation id="6" key="__description__" value="Copied from pipeline" />
    <add id="0" objectId="0" parentObjId="" parentObjType="" what="module">
      <module cache="1" id="0" name="PythonSource" namespace="" package="org.vistrails.vistrails.basic" version="2.1.1" />
    </add>
    <add id="1" objectId="2" parentObjId="0" parentObjType="module" what="portSpec">
      <portSpec depth="0" id="2" maxConns="-1" minConns="0" name="variable" optional="0" sortKey="0" type="input">
        <portSpecItem default="" entryType="" id="2" label="" module="Variant" namespace="" package="org.vistrails.vistrails.basic" pos="0" values="" />
      </portSpec>
    </add>
    <add id="2" objectId="1" parentObjId="0" parentObjType="module" what="portSpec">
      <portSpec depth="0" id="1" maxConns="-1" minConns="0" name="delay" optional="0" sortKey="1" type="input">
        <portSpecItem default="" entryType="" id="1" label="" module="Float" namespace="" package="org.vistrails.vistrails.basic" pos="0" values="" />
      </portSpec>
    </add>
    <add id="3" objectId="0" parentObjId="0" parentObjType="module" what="portSpec">
      <portSpec depth="0" id="0" maxConns="-1" minConns="0" name="variable" optional="0" sortKey="0" type="output">
        <portSpecItem default="" entryType="" id="0" label="" module="Variant" namespace="" package="org.vistrails.vistrails.basic" pos="0" values="" />
      </portSpec>
    </add>
    <add id="4" objectId="1" parentObjId="0" parentObjType="module" what="annotation">
      <annotation id="1" key="__desc__" value="TimeSleep" />
    </add>
    <add id="5" objectId="0" parentObjId="0" parentObjType="module" what="annotation">
      <annotation id="0" key="__inline_widgets__" value="delay" />
    </add>
    <add id="6" objectId="1" parentObjId="0" parentObjType="module" what="function">
      <function id="1" name="delay" pos="1" />
    </add>
    <add id="7" objectId="1" parentObjId="1" parentObjType="function" what="parameter">
      <parameter alias="" id="1" name="&lt;no description&gt;" pos="0" type="org.vistrails.vistrails.basic:Float" val="0." />
    </add>
    <add id="8" objectId="0" parentObjId="0" parentObjType="module" what="function">
      <function id="0" name="source" pos="0" />
    </add>
    <add id="9" objectId="0" parentObjId="0" parentObjType="function" what="parameter">
      <parameter alias="" id="0" name="&lt;no description&gt;" pos="0" type="org.vistrails.vistrails.basic:String" val="import%20time%0Atime.sleep%28delay%29%0A" />
    </add>
    <add id="10" objectId="0" parentObjId="0" parentObjType="module" what="location">
      <location id="0" x="107.34075318" y="48.0435700277" />
    </add>
    <add id="11" objectId="1" parentObjId="" parentObjType="" what="module">
      <module cache="1" id="1" name="PythonSource" namespace="" package="org.vistrails.vistrails.basic" version="2.1.1" />
    </add>
    <add id="12" objectId="6" parentObjId="1" parentObjType="module" what="portSpec">
      <portSpec depth="0" id="6" maxConns="-1" minConns="0" name="new_line" optional="0" sortKey="2" type="input">
        <portSpecItem default="" entryType="" id="6" label="" module="Boolean" namespace="" package="org.vistrails.vistrails.basic" pos="0" values="" />
      </portSpec>
    </add>
    <add id="13" objectId="5" parentObjId="1" parentObjType="module" what="portSpec">
      <portSpec depth="0" id="5" maxConns="-1" minConns="0" name="plt" optional="0" sortKey="0" type="input">
        <portSpecItem default="" entryType="" id="5" label="" module="Variant" namespace="" package="org.vistrails.vistrails.basic" pos="0" values="" />
      </portSpec>
    </add>
    <add id="14" objectId="4" parentObjId="1" parentObjType="module" what="portSpec">
      <portSpec depth="0" id="4" maxConns="-1" minConns="0" name="plt" optional="0" sortKey="0" type="output">
        <portSpecItem default="" entryType="" id="4" label="" module="Variant" namespace="" package="org.vistrails.vistrails.basic" pos="0" values="" />
      </portSpec>
    </add>
    <add id="15" objectId="3" parentObjId="1" parentObjType="module" what="portSpec">
      <portSpec depth="0" id="3" maxConns="-1" minConns="0" name="data" optional="0" sortKey="1" type="input">
        <portSpecItem default="" entryType="" id="3" label="" module="Variant" namespace="" package="org.vistrails.vistrails.basic" pos="0" values="" />
      </portSpec>
    </add>
    <add id="16" objectId="3" parentObjId="1" parentObjType="module" what="annotation">
      <annotation id="3" key="__inline_widgets__" value="new_line" />
    </add>
    <add id="17" objectId="2" parentObjId="1" parentObjType="module" what="annotation">
      <annotation id="2" key="__desc__" value="MplPlotNDrawAx" />
    </add>
    <add id="18" objectId="3" parentObjId="1" parentObjType="module" what="function">
      <function id="3" name="new_line" pos="1" />
    </add>
    <add id="19" objectId="3" parentObjId="3" parentObjType="function" what="parameter">
      <parameter alias="" id="3" name="&lt;no description&gt;" pos="0" type="org.vistrails.vistrails.basic:Boolean" val="False" />
    </add>
    <add id="20" objectId="2" parentObjId="1" parentObjType="module" what="function">
      <function id="2" name="source" pos="0" />
    </add>
    <add id="21" objectId="2" parentObjId="2" parentObjType="function" what="parameter">
      <parameter alias="" id="2" name="&lt;no description&gt;" pos="0" type="org.vistrails.vistrails.basic:String" val="if%20new_line%3A%0A%20%20%20%20%23%20create%20new%20line%20from%20data%0A%20%20%20%20%23ax.plot%28data%29%0A%20%20%20%20plt.plot%28data%29%0Aelse%3A%0A%20%20%20%20import%20numpy%20as%20np%0A%20%20%20%20ax%20%3D%20plt.gca%28%29%0A%20%20%20%20%23%20add%20data%20to%20current%20line%0A%20%20%20%20cl%20%3D%20ax.lines%5B-1%5D%0A%20%20%20%20xdata%2C%20ydata%20%3D%20cl.get_data%28orig%3DTrue%29%0A%20%20%20%20xdata%20%3D%20np.append%28xdata%2C%20data%5B0%5D%29%0A%20%20%20%20ydata%20%3D%20np.append%28ydata%2C%20data%5B1%5D%29%0A%20%20%20%20cl.set_xdata%28xdata%29%0A%20%20%20%20cl.set_ydata%28ydata%29%0Aplt.draw%28%29%0A" />
    </add>
    <add id="22" objectId="1" parentObjId="1" parentObjType="module" what="location">
      <location id="1" x="3.705646111" y="-95.1653735593" />
    </add>
    <add id="23" objectId="2" parentObjId="" parentObjType="" what="module">
      <module cache="1" id="2" name="PythonSource" namespace="" package="org.vistrails.vistrails.basic" version="2.1.1" />
    </add>
    <add id="24" objectId="8" parentObjId="2" parentObjType="module" what="portSpec">
      <portSpec depth="0" id="8" maxConns="-1" minConns="0" name="outp" optional="0" sortKey="0" type="output">
        <portSpecItem default="" entryType="" id="8" label="" module="Variant" namespace="" package="org.vistrails.vistrails.basic" pos="0" values="" />
      </portSpec>
    </add>
    <add id="25" objectId="7" parentObjId="2" parentObjType="module" what="portSpec">
      <portSpec depth="0" id="7" maxConns="-1" minConns="0" name="shape" optional="0" sortKey="0" type="input">
        <portSpecItem default="" entryType="" id="7" label="" module="List" namespace="" package="org.vistrails.vistrails.basic" pos="0" values="" />
      </portSpec>
    </add>
    <add id="26" objectId="5" parentObjId="2" parentObjType="module" what="annotation">
      <annotation id="5" key="__desc__" value="NP_random" />
    </add>
    <add id="27" objectId="4" parentObjId="2" parentObjType="module" what="annotation">
      <annotation id="4" key="__inline_widgets__" value="shape" />
    </add>
    <add id="28" objectId="5" parentObjId="2" parentObjType="module" what="function">
      <function id="5" name="shape" pos="1" />
    </add>
    <add id="29" objectId="5" parentObjId="5" parentObjType="function" what="parameter">
      <parameter alias="" id="5" name="&lt;no description&gt;" pos="0" type="org.vistrails.vistrails.basic:List" val="[2]" />
    </add>
    <add id="30" objectId="4" parentObjId="2" parentObjType="module" what="function">
      <function id="4" name="source" pos="0" />
    </add>
    <add id="31" objectId="4" parentObjId="4" parentObjType="function" what="parameter">
      <parameter alias="" id="4" name="&lt;no description&gt;" pos="0" type="org.vistrails.vistrails.basic:String" val="import%20numpy%20as%20np%0Aoutp%20%3D%20np.random.random%28shape%29" />
    </add>
    <add id="32" objectId="2" parentObjId="2" parentObjType="module" what="location">
      <location id="2" x="-111.046399291" y="47.1218035317" />
    </add>
    <add id="33" objectId="3" parentObjId="" parentObjType="" what="module">
      <module cache="1" id="3" name="InputPort" namespace="" package="org.vistrails.vistrails.basic" version="2.1.1" />
    </add>
    <add id="34" objectId="6" parentObjId="3" parentObjType="module" what="function">
      <function id="6" name="name" pos="0" />
    </add>
    <add id="35" objectId="6" parentObjId="6" parentObjType="function" what="parameter">
      <parameter alias="" id="6" name="&lt;no description&gt;" pos="0" type="org.vistrails.vistrails.basic:String" val="variable" />
    </add>
    <add id="36" objectId="3" parentObjId="3" parentObjType="module" what="location">
      <location id="3" x="317.077578276" y="98.4505782713" />
    </add>
    <add id="37" objectId="0" parentObjId="" parentObjType="" what="connection">
      <connection id="0" />
    </add>
    <add id="38" objectId="1" parentObjId="0" parentObjType="connection" what="port">
      <port id="1" moduleId="2" moduleName="PythonSource" name="outp" signature="(org.vistrails.vistrails.basic:Variant)" type="source" />
    </add>
    <add id="39" objectId="0" parentObjId="0" parentObjType="connection" what="port">
      <port id="0" moduleId="1" moduleName="PythonSource" name="data" signature="(org.vistrails.vistrails.basic:Variant)" type="destination" />
    </add>
    <add id="40" objectId="1" parentObjId="" parentObjType="" what="connection">
      <connection id="1" />
    </add>
    <add id="41" objectId="3" parentObjId="1" parentObjType="connection" what="port">
      <port id="3" moduleId="0" moduleName="PythonSource" name="variable" signature="(org.vistrails.vistrails.basic:Variant)" type="source" />
    </add>
    <add id="42" objectId="2" parentObjId="1" parentObjType="connection" what="port">
      <port id="2" moduleId="1" moduleName="PythonSource" name="plt" signature="(org.vistrails.vistrails.basic:Variant)" type="destination" />
    </add>
    <add id="43" objectId="2" parentObjId="" parentObjType="" what="connection">
      <connection id="2" />
    </add>
    <add id="44" objectId="5" parentObjId="2" parentObjType="connection" what="port">
      <port id="5" moduleId="3" moduleName="InputPort" name="InternalPipe" signature="(org.vistrails.vistrails.basic:Variant)" type="source" />
    </add>
    <add id="45" objectId="4" parentObjId="2" parentObjType="connection" what="port">
      <port id="4" moduleId="0" moduleName="PythonSource" name="variable" signature="(org.vistrails.vistrails.basic:Variant)" type="destination" />
    </add>
  </action>
  <action date="2018-12-01 11:22:51" id="2" prevId="1" session="1" user="nobody">
    <change id="46" newObjId="4" oldObjId="3" parentObjId="3" parentObjType="module" what="location">
      <location id="4" x="106.745919985" y="176.92294008" />
    </change>
  </action>
  <action date="2018-12-01 11:22:51" id="3" prevId="2" session="1" user="nobody">
    <change id="47" newObjId="7" oldObjId="6" parentObjId="6" parentObjType="function" what="parameter">
      <parameter alias="" id="7" name="&lt;no description&gt;" pos="0" type="org.vistrails.vistrails.basic:String" val="plt" />
    </change>
  </action>
  <action date="2018-12-01 11:23:08" id="4" prevId="3" session="1" user="nobody">
    <add id="48" objectId="4" parentObjId="" parentObjType="" what="module">
      <module cache="1" id="4" name="OutputPort" namespace="" package="org.vistrails.vistrails.basic" version="2.1.1" />
    </add>
    <add id="49" objectId="5" parentObjId="4" parentObjType="module" what="location">
      <location id="5" x="28.9447236181" y="-214.190954774" />
    </add>
  </action>
  <action date="2018-12-01 11:23:08" id="5" prevId="4" session="1" user="nobody">
    <add id="50" objectId="3" parentObjId="" parentObjType="" what="connection">
      <connection id="3" />
    </add>
    <add id="51" objectId="6" parentObjId="3" parentObjType="connection" what="port">
      <port id="6" moduleId="1" moduleName="PythonSource" name="plt" signature="(org.vistrails.vistrails.basic:Variant)" type="source" />
    </add>
    <add id="52" objectId="7" parentObjId="3" parentObjType="connection" what="port">
      <port id="7" moduleId="4" moduleName="OutputPort" name="InternalPipe" signature="(org.vistrails.vistrails.basic:Variant)" type="destination" />
    </add>
  </action>
  <action date="2018-12-01 11:23:29" id="6" prevId="5" session="1" user="nobody">
    <change id="53" newObjId="6" oldObjId="5" parentObjId="4" parentObjType="module" what="location">
      <location id="6" x="5.78894472362" y="-221.909547739" />
    </change>
  </action>
  <action date="2018-12-01 11:23:29" id="7" prevId="6" session="1" user="nobody">
    <add id="54" objectId="7" parentObjId="4" parentObjType="module" what="function">
      <function id="7" name="name" pos="0" />
    </add>
    <add id="55" objectId="8" parentObjId="7" parentObjType="function" what="parameter">
      <parameter alias="" id="8" name="&lt;no description&gt;" pos="0" type="org.vistrails.vistrails.basic:String" val="plt" />
    </add>
  </action>
  <action date="2018-12-01 11:23:52" id="8" prevId="7" session="1" user="nobody">
    <change id="56" newObjId="9" oldObjId="3" parentObjId="3" parentObjType="function" what="parameter">
      <parameter alias="" id="9" name="&lt;no description&gt;" pos="0" type="org.vistrails.vistrails.basic:Boolean" val="True" />
    </change>
  </action>
  <action date="2018-12-01 11:28:25" id="9" prevId="8" session="2" user="nobody">
    <change id="57" newObjId="10" oldObjId="9" parentObjId="3" parentObjType="function" what="parameter">
      <parameter alias="" id="10" name="&lt;no description&gt;" pos="0" type="org.vistrails.vistrails.basic:Boolean" val="False" />
    </change>
  </action>
  <action date="2018-12-01 11:39:59" id="10" prevId="9" session="3" user="nobody">
    <annotation id="14" key="__description__" value="Paste" />
    <add id="58" objectId="5" parentObjId="" parentObjType="" what="module">
      <module cache="1" id="5" name="InputPort" namespace="" package="org.vistrails.vistrails.basic" version="2.1.1" />
    </add>
    <add id="59" objectId="8" parentObjId="5" parentObjType="module" what="function">
      <function id="8" name="name" pos="0" />
    </add>
    <add id="60" objectId="11" parentObjId="8" parentObjType="function" what="parameter">
      <parameter alias="" id="11" name="&lt;no description&gt;" pos="0" type="org.vistrails.vistrails.basic:String" val="plt" />
    </add>
    <add id="61" objectId="7" parentObjId="5" parentObjType="module" what="location">
      <location id="7" x="-27.6582914573" y="-28.3015075377" />
    </add>
  </action>
  <action date="2018-12-01 11:40:15" id="11" prevId="10" session="3" user="nobody">
    <change id="62" newObjId="8" oldObjId="7" parentObjId="5" parentObjType="module" what="location">
      <location id="8" x="296.522613065" y="179.457286432" />
    </change>
  </action>
  <action date="2018-12-01 11:40:15" id="12" prevId="11" session="3" user="nobody">
    <delete id="63" objectId="10" parentObjId="3" parentObjType="function" what="parameter" />
    <delete id="64" objectId="3" parentObjId="1" parentObjType="module" what="function" />
  </action>
  <action date="2018-12-01 11:40:20" id="13" prevId="12" session="3" user="nobody">
    <change id="65" newObjId="15" oldObjId="3" parentObjId="1" parentObjType="module" what="annotation">
      <annotation id="15" key="__inline_widgets__" value="" />
    </change>
  </action>
  <action date="2018-12-01 11:40:30" id="14" prevId="13" session="3" user="nobody">
    <add id="66" objectId="4" parentObjId="" parentObjType="" what="connection">
      <connection id="4" />
    </add>
    <add id="67" objectId="8" parentObjId="4" parentObjType="connection" what="port">
      <port id="8" moduleId="5" moduleName="InputPort" name="InternalPipe" signature="(org.vistrails.vistrails.basic:Variant)" type="source" />
    </add>
    <add id="68" objectId="9" parentObjId="4" parentObjType="connection" what="port">
      <port id="9" moduleId="1" moduleName="PythonSource" name="new_line" signature="(org.vistrails.vistrails.basic:Boolean)" type="destination" />
    </add>
  </action>
  <action date="2018-12-01 11:41:16" id="15" prevId="14" session="3" user="nobody">
    <change id="69" newObjId="9" oldObjId="8" parentObjId="5" parentObjType="module" what="location">
      <location id="9" x="310.030150754" y="178.814070352" />
    </change>
  </action>
  <action date="2018-12-01 11:41:17" id="16" prevId="15" session="3" user="nobody">
    <change id="70" newObjId="12" oldObjId="11" parentObjId="8" parentObjType="function" what="parameter">
      <parameter alias="" id="12" name="&lt;no description&gt;" pos="0" type="org.vistrails.vistrails.basic:String" val="new_line" />
    </change>
  </action>
  <action date="2018-12-01 11:46:22" id="17" prevId="16" session="4" user="nobody">
    <add id="71" objectId="6" parentObjId="" parentObjType="" what="module">
      <module cache="1" id="6" name="Boolean" namespace="" package="org.vistrails.vistrails.basic" version="2.1.1" />
    </add>
    <add id="72" objectId="10" parentObjId="6" parentObjType="module" what="location">
      <location id="10" x="304.884422111" y="278.512562814" />
    </add>
  </action>
  <action date="2018-12-01 11:46:22" id="18" prevId="17" session="4" user="nobody">
    <add id="73" objectId="5" parentObjId="" parentObjType="" what="connection">
      <connection id="5" />
    </add>
    <add id="74" objectId="10" parentObjId="5" parentObjType="connection" what="port">
      <port id="10" moduleId="6" moduleName="Boolean" name="value_as_string" signature="(org.vistrails.vistrails.basic:String)" type="source" />
    </add>
    <add id="75" objectId="11" parentObjId="5" parentObjType="connection" what="port">
      <port id="11" moduleId="5" moduleName="InputPort" name="Default" signature="(org.vistrails.vistrails.basic:Variant)" type="destination" />
    </add>
  </action>
  <action date="2018-12-01 11:46:32" id="19" prevId="18" session="4" user="nobody">
    <change id="76" newObjId="11" oldObjId="10" parentObjId="6" parentObjType="module" what="location">
      <location id="11" x="305.527638191" y="283.658291457" />
    </change>
  </action>
  <action date="2018-12-01 11:47:59" id="20" prevId="16" session="4" user="nobody">
    <add id="77" objectId="9" parentObjId="5" parentObjType="module" what="function">
      <function id="9" name="optional" pos="1" />
    </add>
    <add id="78" objectId="13" parentObjId="9" parentObjType="function" what="parameter">
      <parameter alias="" id="13" name="&lt;no description&gt;" pos="0" type="org.vistrails.vistrails.basic:Boolean" val="True" />
    </add>
  </action>
  <action date="2018-12-01 11:50:34" id="21" prevId="16" session="5" user="nobody">
    <add id="79" objectId="7" parentObjId="" parentObjType="" what="module">
      <module cache="1" id="7" name="Boolean" namespace="" package="org.vistrails.vistrails.basic" version="2.1.1" />
    </add>
    <add id="80" objectId="12" parentObjId="7" parentObjType="module" what="location">
      <location id="12" x="411.015075377" y="-5.14572864322" />
    </add>
  </action>
  <action date="2018-12-01 11:50:50" id="22" prevId="21" session="5" user="nobody">
    <change id="81" newObjId="13" oldObjId="12" parentObjId="7" parentObjType="module" what="location">
      <location id="13" x="308.100502513" y="295.879396985" />
    </change>
  </action>
  <action date="2018-12-01 11:50:50" id="23" prevId="22" session="5" user="nobody">
    <add id="82" objectId="6" parentObjId="" parentObjType="" what="connection">
      <connection id="6" />
    </add>
    <add id="83" objectId="12" parentObjId="6" parentObjType="connection" what="port">
      <port id="12" moduleId="7" moduleName="Boolean" name="value" signature="(org.vistrails.vistrails.basic:Boolean)" type="source" />
    </add>
    <add id="84" objectId="13" parentObjId="6" parentObjType="connection" what="port">
      <port id="13" moduleId="5" moduleName="InputPort" name="Default" signature="(org.vistrails.vistrails.basic:Variant)" type="destination" />
    </add>
  </action>
  <action date="2018-12-01 11:51:21" id="24" prevId="23" session="5" user="nobody">
    <add id="85" objectId="10" parentObjId="7" parentObjType="module" what="function">
      <function id="10" name="value" pos="0" />
    </add>
    <add id="86" objectId="14" parentObjId="10" parentObjType="function" what="parameter">
      <parameter alias="" id="14" name="&lt;no description&gt;" pos="0" type="org.vistrails.vistrails.basic:Boolean" val="True" />
    </add>
  </action>
  <action date="2018-12-01 11:51:23" id="25" prevId="24" session="5" user="nobody">
    <change id="87" newObjId="15" oldObjId="14" parentObjId="10" parentObjType="function" what="parameter">
      <parameter alias="" id="15" name="&lt;no description&gt;" pos="0" type="org.vistrails.vistrails.basic:Boolean" val="False" />
    </change>
  </action>
  <action date="2018-12-01 11:51:37" id="26" prevId="25" session="5" user="nobody">
    <delete id="88" objectId="15" parentObjId="10" parentObjType="function" what="parameter" />
    <delete id="89" objectId="10" parentObjId="7" parentObjType="module" what="function" />
  </action>
  <action date="2018-12-01 11:51:40" id="27" prevId="26" session="5" user="nobody">
    <add id="90" objectId="22" parentObjId="7" parentObjType="module" what="annotation">
      <annotation id="22" key="__inline_widgets__" value="" />
    </add>
  </action>
  <action date="2018-12-01 11:51:42" id="28" prevId="27" session="5" user="nobody">
    <change id="91" newObjId="23" oldObjId="22" parentObjId="7" parentObjType="module" what="annotation">
      <annotation id="23" key="__inline_widgets__" value="value" />
    </change>
  </action>
  <action date="2018-12-01 11:51:47" id="29" prevId="28" session="5" user="nobody">
    <add id="92" objectId="11" parentObjId="7" parentObjType="module" what="function">
      <function id="11" name="value" pos="0" />
    </add>
    <add id="93" objectId="16" parentObjId="11" parentObjType="function" what="parameter">
      <parameter alias="" id="16" name="&lt;no description&gt;" pos="0" type="org.vistrails.vistrails.basic:Boolean" val="True" />
    </add>
  </action>
  <action date="2018-12-01 11:51:49" id="30" prevId="29" session="5" user="nobody">
    <change id="94" newObjId="17" oldObjId="16" parentObjId="11" parentObjType="function" what="parameter">
      <parameter alias="" id="17" name="&lt;no description&gt;" pos="0" type="org.vistrails.vistrails.basic:Boolean" val="False" />
    </change>
  </action>
  <action date="2018-12-02 21:55:54" id="31" prevId="30" session="6" user="nobody">
    <annotation id="27" key="__description__" value="Paste" />
    <add id="95" objectId="8" parentObjId="" parentObjType="" what="module">
      <module cache="1" id="8" name="InputPort" namespace="" package="org.vistrails.vistrails.basic" version="2.1.1" />
    </add>
    <add id="96" objectId="12" parentObjId="8" parentObjType="module" what="function">
      <function id="12" name="name" pos="0" />
    </add>
    <add id="97" objectId="18" parentObjId="12" parentObjType="function" what="parameter">
      <parameter alias="" id="18" name="&lt;no description&gt;" pos="0" type="org.vistrails.vistrails.basic:String" val="plt" />
    </add>
    <add id="98" objectId="14" parentObjId="8" parentObjType="module" what="location">
      <location id="14" x="57.1074594076" y="35.1430519432" />
    </add>
  </action>
  <action date="2018-12-02 21:56:08" id="32" prevId="31" session="6" user="nobody">
    <change id="99" newObjId="15" oldObjId="14" parentObjId="8" parentObjType="module" what="location">
      <location id="15" x="-79.0718668721" y="176.447406631" />
    </change>
  </action>
  <action date="2018-12-02 21:56:08" id="33" prevId="32" session="6" user="nobody">
    <change id="100" newObjId="19" oldObjId="18" parentObjId="12" parentObjType="function" what="parameter">
      <parameter alias="" id="19" name="&lt;no description&gt;" pos="0" type="org.vistrails.vistrails.basic:String" val="data" />
    </change>
  </action>
  <action date="2018-12-02 21:56:17" id="34" prevId="33" session="6" user="nobody">
    <add id="101" objectId="7" parentObjId="" parentObjType="" what="connection">
      <connection id="7" />
    </add>
    <add id="102" objectId="14" parentObjId="7" parentObjType="connection" what="port">
      <port id="14" moduleId="8" moduleName="InputPort" name="InternalPipe" signature="(org.vistrails.vistrails.basic:Variant)" type="source" />
    </add>
    <add id="103" objectId="15" parentObjId="7" parentObjType="connection" what="port">
      <port id="15" moduleId="1" moduleName="PythonSource" name="data" signature="(org.vistrails.vistrails.basic:Variant)" type="destination" />
    </add>
  </action>
  <action date="2018-12-02 21:56:21" id="35" prevId="34" session="6" user="nobody">
    <delete id="104" objectId="1" parentObjId="0" parentObjType="connection" what="port" />
    <delete id="105" objectId="0" parentObjId="0" parentObjType="connection" what="port" />
    <delete id="106" objectId="0" parentObjId="" parentObjType="" what="connection" />
  </action>
  <action date="2018-12-02 21:56:37" id="36" prevId="35" session="6" user="nobody">
    <change id="107" newObjId="16" oldObjId="2" parentObjId="2" parentObjType="module" what="location">
      <location id="16" x="-113.974986953" y="312.158986936" />
    </change>
  </action>
  <action date="2018-12-02 21:56:37" id="37" prevId="36" session="6" user="nobody">
    <add id="108" objectId="8" parentObjId="" parentObjType="" what="connection">
      <connection id="8" />
    </add>
    <add id="109" objectId="16" parentObjId="8" parentObjType="connection" what="port">
      <port id="16" moduleId="2" moduleName="PythonSource" name="outp" signature="(org.vistrails.vistrails.basic:Variant)" type="source" />
    </add>
    <add id="110" objectId="17" parentObjId="8" parentObjType="connection" what="port">
      <port id="17" moduleId="8" moduleName="InputPort" name="Default" signature="(org.vistrails.vistrails.basic:Variant)" type="destination" />
    </add>
  </action>
  <action date="2018-12-02 22:39:06" id="38" prevId="37" session="7" user="nobody">
    <change id="111" newObjId="20" oldObjId="2" parentObjId="2" parentObjType="function" what="parameter">
      <parameter alias="" id="20" name="&lt;no description&gt;" pos="0" type="org.vistrails.vistrails.basic:String" val="if%20new_line%3A%0A%20%20%20%20%23%20create%20new%20line%20from%20data%0A%20%20%20%20%23ax.plot%28data%29%0A%23%20%20%20%20plt.plot%28data%29%0A%20%20%20%20plt.scatter%28data%29%0Aelse%3A%0A%20%20%20%20import%20numpy%20as%20np%0A%20%20%20%20ax%20%3D%20plt.gca%28%29%0A%20%20%20%20%23%20add%20data%20to%20current%20line%0A%20%20%20%20cl%20%3D%20ax.lines%5B-1%5D%0A%20%20%20%20xdata%2C%20ydata%20%3D%20cl.get_data%28orig%3DTrue%29%0A%20%20%20%20xdata%20%3D%20np.append%28xdata%2C%20data%5B0%5D%29%0A%20%20%20%20ydata%20%3D%20np.append%28ydata%2C%20data%5B1%5D%29%0A%20%20%20%20cl.set_xdata%28xdata%29%0A%20%20%20%20cl.set_ydata%28ydata%29%0Aplt.draw%28%29%0A" />
    </change>
  </action>
  <action date="2018-12-02 22:40:52" id="39" prevId="38" session="7" user="nobody">
    <change id="112" newObjId="21" oldObjId="20" parentObjId="2" parentObjType="function" what="parameter">
      <parameter alias="" id="21" name="&lt;no description&gt;" pos="0" type="org.vistrails.vistrails.basic:String" val="if%20new_line%3A%0A%20%20%20%20%23%20create%20new%20line%20from%20data%0A%20%20%20%20%23ax.plot%28data%29%0A%23%20%20%20%20plt.plot%28data%29%0A%20%20%20%20plt.scatter%28data%5B0%5D%2C%20data%5B1%5D%29%0Aelse%3A%0A%20%20%20%20import%20numpy%20as%20np%0A%20%20%20%20ax%20%3D%20plt.gca%28%29%0A%20%20%20%20%23%20add%20data%20to%20current%20line%0A%20%20%20%20cl%20%3D%20ax.lines%5B-1%5D%0A%20%20%20%20xdata%2C%20ydata%20%3D%20cl.get_data%28orig%3DTrue%29%0A%20%20%20%20xdata%20%3D%20np.append%28xdata%2C%20data%5B0%5D%29%0A%20%20%20%20ydata%20%3D%20np.append%28ydata%2C%20data%5B1%5D%29%0A%20%20%20%20cl.set_xdata%28xdata%29%0A%20%20%20%20cl.set_ydata%28ydata%29%0Aplt.draw%28%29%0A" />
    </change>
  </action>
  <action date="2018-12-02 22:43:26" id="40" prevId="39" session="7" user="nobody">
    <change id="113" newObjId="22" oldObjId="21" parentObjId="2" parentObjType="function" what="parameter">
      <parameter alias="" id="22" name="&lt;no description&gt;" pos="0" type="org.vistrails.vistrails.basic:String" val="if%20new_line%3A%0A%20%20%20%20%23%20create%20new%20line%20from%20data%0A%20%20%20%20%23ax.plot%28data%29%0A%23%20%20%20%20plt.plot%28data%29%0A%20%20%20%20plt.scatter%28data%5B0%5D%2C%20data%5B1%5D%29%0Aelse%3A%0A%20%20%20%20import%20numpy%20as%20np%0A%20%20%20%20ax%20%3D%20plt.gca%28%29%0A%20%20%20%20%23%20add%20data%20to%20current%20line%0A%20%20%20%20print%20dir%28ax%29%0A%20%20%20%20cl%20%3D%20ax.lines%5B-1%5D%0A%20%20%20%20xdata%2C%20ydata%20%3D%20cl.get_data%28orig%3DTrue%29%0A%20%20%20%20xdata%20%3D%20np.append%28xdata%2C%20data%5B0%5D%29%0A%20%20%20%20ydata%20%3D%20np.append%28ydata%2C%20data%5B1%5D%29%0A%20%20%20%20cl.set_xdata%28xdata%29%0A%20%20%20%20cl.set_ydata%28ydata%29%0Aplt.draw%28%29%0A" />
    </change>
  </action>
  <action date="2018-12-02 22:46:24" id="41" prevId="40" session="8" user="nobody">
    <change id="114" newObjId="23" oldObjId="22" parentObjId="2" parentObjType="function" what="parameter">
      <parameter alias="" id="23" name="&lt;no description&gt;" pos="0" type="org.vistrails.vistrails.basic:String" val="if%20new_line%3A%0A%20%20%20%20%23%20create%20new%20line%20from%20data%0A%20%20%20%20%23ax.plot%28data%29%0A%23%20%20%20%20plt.plot%28data%29%0A%20%20%20%20plt.scatter%28data%5B0%5D%2C%20data%5B1%5D%29%0Aelse%3A%0A%20%20%20%20import%20numpy%20as%20np%0A%20%20%20%20ax%20%3D%20plt.gca%28%29%0A%20%20%20%20%23%20add%20data%20to%20current%20line%0A%20%20%20%20print%20dir%28ax%29%2C%20ax.lines%0A%20%20%20%20cl%20%3D%20ax.lines%5B-1%5D%0A%20%20%20%20xdata%2C%20ydata%20%3D%20cl.get_data%28orig%3DTrue%29%0A%20%20%20%20xdata%20%3D%20np.append%28xdata%2C%20data%5B0%5D%29%0A%20%20%20%20ydata%20%3D%20np.append%28ydata%2C%20data%5B1%5D%29%0A%20%20%20%20cl.set_xdata%28xdata%29%0A%20%20%20%20cl.set_ydata%28ydata%29%0Aplt.draw%28%29%0A" />
    </change>
  </action>
  <action date="2018-12-02 22:47:41" id="42" prevId="41" session="9" user="nobody">
    <change id="115" newObjId="32" oldObjId="15" parentObjId="1" parentObjType="module" what="annotation">
      <annotation id="32" key="__inline_widgets__" value="new_line" />
    </change>
  </action>
  <action date="2018-12-02 22:47:43" id="43" prevId="42" session="9" user="nobody">
    <change id="116" newObjId="33" oldObjId="32" parentObjId="1" parentObjType="module" what="annotation">
      <annotation id="33" key="__inline_widgets__" value="" />
    </change>
  </action>
  <action date="2018-12-02 22:51:09" id="44" prevId="43" session="10" user="nobody">
    <change id="117" newObjId="24" oldObjId="23" parentObjId="2" parentObjType="function" what="parameter">
      <parameter alias="" id="24" name="&lt;no description&gt;" pos="0" type="org.vistrails.vistrails.basic:String" val="if%20new_line%3A%0A%20%20%20%20%23%20create%20new%20line%20from%20data%0A%20%20%20%20%23ax.plot%28data%29%0A%23%20%20%20%20plt.plot%28data%29%0A%20%20%20%20plt.scatter%28data%5B0%5D%2C%20data%5B1%5D%29%0Aelse%3A%0A%20%20%20%20import%20numpy%20as%20np%0A%20%20%20%20ax%20%3D%20plt.gca%28%29%0A%20%20%20%20%23%20add%20data%20to%20current%20line%0A%20%20%20%20print%20dir%28ax%29%2C%20ax.scatter%0A%20%20%20%20cl%20%3D%20ax.lines%5B-1%5D%0A%20%20%20%20xdata%2C%20ydata%20%3D%20cl.get_data%28orig%3DTrue%29%0A%20%20%20%20xdata%20%3D%20np.append%28xdata%2C%20data%5B0%5D%29%0A%20%20%20%20ydata%20%3D%20np.append%28ydata%2C%20data%5B1%5D%29%0A%20%20%20%20cl.set_xdata%28xdata%29%0A%20%20%20%20cl.set_ydata%28ydata%29%0Aplt.draw%28%29%0A" />
    </change>
  </action>
  <action date="2018-12-02 22:54:40" id="45" prevId="44" session="10" user="nobody">
    <change id="118" newObjId="25" oldObjId="24" parentObjId="2" parentObjType="function" what="parameter">
      <parameter alias="" id="25" name="&lt;no description&gt;" pos="0" type="org.vistrails.vistrails.basic:String" val="if%20new_line%3A%0A%20%20%20%20%23%20create%20new%20line%20from%20data%0A%20%20%20%20%23ax.plot%28data%29%0A%23%20%20%20%20plt.plot%28data%29%0A%20%20%20%20plt.scatter%28data%5B0%5D%2C%20data%5B1%5D%29%0Aelse%3A%0A%20%20%20%20import%20numpy%20as%20np%0A%20%20%20%20ax%20%3D%20plt.gca%28%29%0A%20%20%20%20%23%20add%20data%20to%20current%20line%0A%20%20%20%20print%20dir%28ax%29%2C%20ax.collections%0A%20%20%20%20cl%20%3D%20ax.lines%5B-1%5D%0A%20%20%20%20xdata%2C%20ydata%20%3D%20cl.get_data%28orig%3DTrue%29%0A%20%20%20%20xdata%20%3D%20np.append%28xdata%2C%20data%5B0%5D%29%0A%20%20%20%20ydata%20%3D%20np.append%28ydata%2C%20data%5B1%5D%29%0A%20%20%20%20cl.set_xdata%28xdata%29%0A%20%20%20%20cl.set_ydata%28ydata%29%0Aplt.draw%28%29%0A" />
    </change>
  </action>
  <action date="2018-12-02 22:56:00" id="46" prevId="45" session="10" user="nobody">
    <change id="119" newObjId="26" oldObjId="25" parentObjId="2" parentObjType="function" what="parameter">
      <parameter alias="" id="26" name="&lt;no description&gt;" pos="0" type="org.vistrails.vistrails.basic:String" val="if%20new_line%3A%0A%20%20%20%20%23%20create%20new%20line%20from%20data%0A%20%20%20%20%23ax.plot%28data%29%0A%23%20%20%20%20plt.plot%28data%29%0A%20%20%20%20plt.scatter%28data%5B0%5D%2C%20data%5B1%5D%29%0Aelse%3A%0A%20%20%20%20import%20numpy%20as%20np%0A%20%20%20%20ax%20%3D%20plt.gca%28%29%0A%20%20%20%20%23%20add%20data%20to%20current%20line%0A%23%20%20%20%20cl%20%3D%20ax.lines%5B-1%5D%0A%20%20%20%20cl%20%3D%20ax.collections%5B-1%5D%0A%20%20%20%20xdata%2C%20ydata%20%3D%20cl.get_data%28orig%3DTrue%29%0A%20%20%20%20xdata%20%3D%20np.append%28xdata%2C%20data%5B0%5D%29%0A%20%20%20%20ydata%20%3D%20np.append%28ydata%2C%20data%5B1%5D%29%0A%20%20%20%20cl.set_xdata%28xdata%29%0A%20%20%20%20cl.set_ydata%28ydata%29%0Aplt.draw%28%29%0A" />
    </change>
  </action>
  <action date="2018-12-02 22:57:32" id="47" prevId="46" session="10" user="nobody">
    <change id="120" newObjId="27" oldObjId="26" parentObjId="2" parentObjType="function" what="parameter">
      <parameter alias="" id="27" name="&lt;no description&gt;" pos="0" type="org.vistrails.vistrails.basic:String" val="if%20new_line%3A%0A%20%20%20%20%23%20create%20new%20line%20from%20data%0A%20%20%20%20%23ax.plot%28data%29%0A%23%20%20%20%20plt.plot%28data%29%0A%20%20%20%20plt.scatter%28data%5B0%5D%2C%20data%5B1%5D%29%0Aelse%3A%0A%20%20%20%20import%20numpy%20as%20np%0A%20%20%20%20ax%20%3D%20plt.gca%28%29%0A%20%20%20%20%23%20add%20data%20to%20current%20line%0A%23%20%20%20%20cl%20%3D%20ax.lines%5B-1%5D%0A%20%20%20%20cl%20%3D%20ax.collections%5B-1%5D%0A%23%20%20%20%20xdata%2C%20ydata%20%3D%20cl.get_data%28orig%3DTrue%29%0A%20%20%20%20xdata%2C%20ydata%20%3D%20cl.get_offsets%28%29%0A%20%20%20%20xdata%20%3D%20np.append%28xdata%2C%20data%5B0%5D%29%0A%20%20%20%20ydata%20%3D%20np.append%28ydata%2C%20data%5B1%5D%29%0A%20%20%20%20cl.set_xdata%28xdata%29%0A%20%20%20%20cl.set_ydata%28ydata%29%0Aplt.draw%28%29%0A" />
    </change>
  </action>
  <action date="2018-12-02 22:59:35" id="48" prevId="47" session="10" user="nobody">
    <change id="121" newObjId="28" oldObjId="27" parentObjId="2" parentObjType="function" what="parameter">
      <parameter alias="" id="28" name="&lt;no description&gt;" pos="0" type="org.vistrails.vistrails.basic:String" val="if%20new_line%3A%0A%20%20%20%20%23%20create%20new%20line%20from%20data%0A%20%20%20%20%23ax.plot%28data%29%0A%23%20%20%20%20plt.plot%28data%29%0A%20%20%20%20plt.scatter%28data%5B0%5D%2C%20data%5B1%5D%29%0Aelse%3A%0A%20%20%20%20import%20numpy%20as%20np%0A%20%20%20%20ax%20%3D%20plt.gca%28%29%0A%20%20%20%20%23%20add%20data%20to%20current%20line%0A%23%20%20%20%20cl%20%3D%20ax.lines%5B-1%5D%0A%20%20%20%20cl%20%3D%20ax.collections%5B-1%5D%0A%23%20%20%20%20xdata%2C%20ydata%20%3D%20cl.get_data%28orig%3DTrue%29%0A%20%20%20%20xydata%20%3D%20cl.get_offsets%28%29%0A%20%20%20%20xdata%2C%20ydata%20%3D%20xydata%5B%3A%2C0%5D%2C%20xydata%5B%3A%2C1%5D%0A%20%20%20%20xdata%20%3D%20np.append%28xdata%2C%20data%5B0%5D%29%0A%20%20%20%20ydata%20%3D%20np.append%28ydata%2C%20data%5B1%5D%29%0A%20%20%20%20cl.set_xdata%28xdata%29%0A%20%20%20%20cl.set_ydata%28ydata%29%0Aplt.draw%28%29%0A" />
    </change>
  </action>
  <action date="2018-12-02 23:02:42" id="49" prevId="48" session="10" user="nobody">
    <change id="122" newObjId="29" oldObjId="28" parentObjId="2" parentObjType="function" what="parameter">
      <parameter alias="" id="29" name="&lt;no description&gt;" pos="0" type="org.vistrails.vistrails.basic:String" val="if%20new_line%3A%0A%20%20%20%20%23%20create%20new%20line%20from%20data%0A%20%20%20%20%23ax.plot%28data%29%0A%23%20%20%20%20plt.plot%28data%29%0A%20%20%20%20plt.scatter%28data%5B0%5D%2C%20data%5B1%5D%29%0Aelse%3A%0A%20%20%20%20import%20numpy%20as%20np%0A%20%20%20%20ax%20%3D%20plt.gca%28%29%0A%20%20%20%20%23%20add%20data%20to%20current%20line%0A%23%20%20%20%20cl%20%3D%20ax.lines%5B-1%5D%0A%20%20%20%20cl%20%3D%20ax.collections%5B-1%5D%0A%23%20%20%20%20xdata%2C%20ydata%20%3D%20cl.get_data%28orig%3DTrue%29%0A%20%20%20%20xydata%20%3D%20cl.get_offsets%28%29%0A%23%20%20%20%20xdata%20%3D%20np.append%28xdata%2C%20data%5B0%5D%29%0A%23%20%20%20%20ydata%20%3D%20np.append%28ydata%2C%20data%5B1%5D%29%0A%20%20%20%20xydata%20%3D%20np.append%28xydata%2C%20data%29%0A%23%20%20%20%20cl.set_xdata%28xdata%29%0A%23%20%20%20%20cl.set_ydata%28ydata%29%0A%20%20%20%20cl.set_offsets%28xydata%29%0Aplt.draw%28%29%0A" />
    </change>
  </action>
  <action date="2018-12-03 12:36:01" id="50" prevId="49" session="11" user="nobody">
    <change id="123" newObjId="30" oldObjId="29" parentObjId="2" parentObjType="function" what="parameter">
      <parameter alias="" id="30" name="&lt;no description&gt;" pos="0" type="org.vistrails.vistrails.basic:String" val="if%20new_line%3A%0A%20%20%20%20%23%20create%20new%20line%20from%20data%0A%20%20%20%20%23ax.plot%28data%29%0A%20%20%20%20plt.plot%28data%29%0A%23%20%20%20%20plt.plot%28data%5B0%5D%2C%20data%5B1%5D%29%0Aelse%3A%0A%20%20%20%20import%20numpy%20as%20np%0A%20%20%20%20ax%20%3D%20plt.gca%28%29%0A%20%20%20%20%23%20add%20data%20to%20current%20line%0A%20%20%20%20cl%20%3D%20ax.lines%5B-1%5D%0A%20%20%20%20xdata%2C%20ydata%20%3D%20cl.get_data%28orig%3DTrue%29%0A%20%20%20%20xdata%20%3D%20np.append%28xdata%2C%20data%5B0%5D%29%0A%20%20%20%20ydata%20%3D%20np.append%28ydata%2C%20data%5B1%5D%29%0A%20%20%20%20cl.set_xdata%28xdata%29%0A%20%20%20%20cl.set_ydata%28ydata%29%0Aplt.draw%28%29%0A" />
    </change>
  </action>
  <action date="2018-12-03 12:37:09" id="51" prevId="50" session="12" user="nobody">
    <change id="124" newObjId="31" oldObjId="30" parentObjId="2" parentObjType="function" what="parameter">
      <parameter alias="" id="31" name="&lt;no description&gt;" pos="0" type="org.vistrails.vistrails.basic:String" val="if%20new_line%3A%0A%20%20%20%20%23%20create%20new%20line%20from%20data%0A%20%20%20%20%23ax.plot%28data%29%0A%20%20%20%20%23plt.plot%28data%29%0A%20%20%20%20plt.plot%28data%5B0%5D%2C%20data%5B1%5D%29%0Aelse%3A%0A%20%20%20%20import%20numpy%20as%20np%0A%20%20%20%20ax%20%3D%20plt.gca%28%29%0A%20%20%20%20%23%20add%20data%20to%20current%20line%0A%20%20%20%20cl%20%3D%20ax.lines%5B-1%5D%0A%20%20%20%20xdata%2C%20ydata%20%3D%20cl.get_data%28orig%3DTrue%29%0A%20%20%20%20xdata%20%3D%20np.append%28xdata%2C%20data%5B0%5D%29%0A%20%20%20%20ydata%20%3D%20np.append%28ydata%2C%20data%5B1%5D%29%0A%20%20%20%20cl.set_xdata%28xdata%29%0A%20%20%20%20cl.set_ydata%28ydata%29%0Aplt.draw%28%29%0A" />
    </change>
  </action>
  <annotation id="7" key="__abstraction_origin_uuid__" value="ebabd330-f552-11e8-8de5-080027b51ac0" />
  <annotation id="8" key="__abstraction_uuid__" value="ebabd330-f552-11e8-8de5-080027b51ac0" />
  <annotation id="9" key="__abstraction_uuid_2__" value="3af53800-f553-11e8-aa1a-080027b51ac0" />
  <annotation id="11" key="__abstraction_uuid_3__" value="a67ed21e-f553-11e8-8765-080027b51ac0" />
  <annotation id="13" key="__abstraction_uuid_4__" value="ecc452a1-f553-11e8-b908-080027b51ac0" />
  <annotation id="16" key="__abstraction_uuid_5__" value="a96eb42e-f555-11e8-b171-080027b51ac0" />
  <annotation id="17" key="__abstraction_uuid_6__" value="5dd40a0f-f556-11e8-826f-080027b51ac0" />
  <annotation id="19" key="__abstraction_uuid_7__" value="99a414de-f556-11e8-a2ee-080027b51ac0" />
  <annotation id="21" key="__abstraction_uuid_8__" value="c4d5ab0f-f556-11e8-8c95-080027b51ac0" />
  <annotation id="24" key="__abstraction_uuid_9__" value="1dfeae2e-f557-11e8-98fa-080027b51ac0" />
  <annotation id="26" key="__abstraction_uuid_10__" value="68bf2f80-f557-11e8-98c4-080027b51ac0" />
  <annotation id="28" key="__abstraction_uuid_11__" value="c7f93f40-f674-11e8-b2e3-080027b51ac0" />
  <annotation id="29" key="__abstraction_uuid_12__" value="b60034f0-f67a-11e8-87bb-080027b51ac0" />
  <annotation id="30" key="__abstraction_uuid_13__" value="f4c1ba5e-f67a-11e8-a668-080027b51ac0" />
  <annotation id="31" key="__abstraction_uuid_14__" value="4f99a600-f67b-11e8-bc9f-080027b51ac0" />
  <annotation id="34" key="__abstraction_uuid_15__" value="eb404c2e-f67b-11e8-8cfc-080027b51ac0" />
  <annotation id="35" key="__abstraction_uuid_16__" value="63759cf0-f67c-11e8-b4b6-080027b51ac0" />
  <annotation id="36" key="__abstraction_uuid_17__" value="e1fcd161-f67c-11e8-952b-080027b51ac0" />
  <annotation id="37" key="__abstraction_uuid_18__" value="1336bf1e-f67d-11e8-b889-080027b51ac0" />
  <annotation id="38" key="__abstraction_uuid_19__" value="46fef8e1-f67d-11e8-96b7-080027b51ac0" />
  <annotation id="39" key="__abstraction_uuid_20__" value="91e578c0-f67d-11e8-b83b-080027b51ac0" />
  <annotation id="40" key="__abstraction_uuid_21__" value="016bbbee-f67e-11e8-8491-080027b51ac0" />
  <annotation id="41" key="__abstraction_uuid_22__" value="a2c55c5e-f6ef-11e8-bfc3-080027b51ac0" />
  <annotation id="42" key="__abstraction_uuid_23__" value="c6fe2080-f6ef-11e8-be46-080027b51ac0" />
  <annotation id="43" key="__abstraction_uuid_24__" value="28b3ca30-f6f2-11e8-bbbc-080027b51ac0" />
  <actionAnnotation actionId="8" date="2018-12-01 11:26:43" id="10" key="__tag__" user="nobody" value="looping-new_line" />
  <actionAnnotation actionId="17" date="2018-12-01 11:47:46" id="18" key="__prune__" user="nobody" value="True" />
  <actionAnnotation actionId="20" date="2018-12-01 11:49:20" id="20" key="__prune__" user="nobody" value="True" />
  <actionAnnotation actionId="30" date="2018-12-01 11:53:52" id="25" key="__tag__" user="nobody" value="looping-append_line" />
</vistrail>
