<vistrail id="" name="" version="1.0.4" xmlns:xsi="http://www.w3.org/2001/XMLSchema-instance" xsi:schemaLocation="http://www.vistrails.org/vistrail.xsd">
  <action date="2018-12-03 12:46:30" id="1" prevId="0" session="0" user="nobody">
    <annotation id="7" key="__description__" value="Copied from pipeline" />
    <add id="0" objectId="0" parentObjId="" parentObjType="" what="module">
      <module cache="1" id="0" name="PythonSource" namespace="" package="org.vistrails.vistrails.basic" version="2.1.1" />
    </add>
    <add id="1" objectId="2" parentObjId="0" parentObjType="module" what="portSpec">
      <portSpec depth="0" id="2" maxConns="-1" minConns="0" name="variable" optional="0" sortKey="0" type="output">
        <portSpecItem default="" entryType="" id="2" label="" module="Variant" namespace="" package="org.vistrails.vistrails.basic" pos="0" values="" />
      </portSpec>
    </add>
    <add id="2" objectId="1" parentObjId="0" parentObjType="module" what="portSpec">
      <portSpec depth="0" id="1" maxConns="-1" minConns="0" name="delay" optional="0" sortKey="1" type="input">
        <portSpecItem default="" entryType="" id="1" label="" module="Float" namespace="" package="org.vistrails.vistrails.basic" pos="0" values="" />
      </portSpec>
    </add>
    <add id="3" objectId="0" parentObjId="0" parentObjType="module" what="portSpec">
      <portSpec depth="0" id="0" maxConns="-1" minConns="0" name="variable" optional="0" sortKey="0" type="input">
        <portSpecItem default="" entryType="" id="0" label="" module="Variant" namespace="" package="org.vistrails.vistrails.basic" pos="0" values="" />
      </portSpec>
    </add>
    <add id="4" objectId="1" parentObjId="0" parentObjType="module" what="annotation">
      <annotation id="1" key="__inline_widgets__" value="delay" />
    </add>
    <add id="5" objectId="0" parentObjId="0" parentObjType="module" what="annotation">
      <annotation id="0" key="__desc__" value="TimeSleep" />
    </add>
    <add id="6" objectId="1" parentObjId="0" parentObjType="module" what="function">
      <function id="1" name="delay" pos="1" />
    </add>
    <add id="7" objectId="1" parentObjId="1" parentObjType="function" what="parameter">
      <parameter alias="" id="1" name="&lt;no description&gt;" pos="0" type="org.vistrails.vistrails.basic:Float" val="0." />
    </add>
    <add id="8" objectId="0" parentObjId="0" parentObjType="module" what="function">
      <function id="0" name="source" pos="0" />
    </add>
    <add id="9" objectId="0" parentObjId="0" parentObjType="function" what="parameter">
      <parameter alias="" id="0" name="&lt;no description&gt;" pos="0" type="org.vistrails.vistrails.basic:String" val="import%20time%0Atime.sleep%28delay%29%0A" />
    </add>
    <add id="10" objectId="0" parentObjId="0" parentObjType="module" what="location">
      <location id="0" x="26.2576202498" y="-60.8553611865" />
    </add>
    <add id="11" objectId="1" parentObjId="" parentObjType="" what="module">
      <module cache="1" id="1" name="PythonSource" namespace="" package="org.vistrails.vistrails.basic" version="2.1.1" />
    </add>
    <add id="12" objectId="6" parentObjId="1" parentObjType="module" what="portSpec">
      <portSpec depth="0" id="6" maxConns="-1" minConns="0" name="data" optional="0" sortKey="1" type="input">
        <portSpecItem default="" entryType="" id="6" label="" module="Variant" namespace="" package="org.vistrails.vistrails.basic" pos="0" values="" />
      </portSpec>
    </add>
    <add id="13" objectId="5" parentObjId="1" parentObjType="module" what="portSpec">
      <portSpec depth="0" id="5" maxConns="-1" minConns="0" name="plt" optional="0" sortKey="0" type="output">
        <portSpecItem default="" entryType="" id="5" label="" module="Variant" namespace="" package="org.vistrails.vistrails.basic" pos="0" values="" />
      </portSpec>
    </add>
    <add id="14" objectId="4" parentObjId="1" parentObjType="module" what="portSpec">
      <portSpec depth="0" id="4" maxConns="-1" minConns="0" name="plt" optional="0" sortKey="0" type="input">
        <portSpecItem default="" entryType="" id="4" label="" module="Variant" namespace="" package="org.vistrails.vistrails.basic" pos="0" values="" />
      </portSpec>
    </add>
    <add id="15" objectId="3" parentObjId="1" parentObjType="module" what="portSpec">
      <portSpec depth="0" id="3" maxConns="-1" minConns="0" name="new_line" optional="0" sortKey="2" type="input">
        <portSpecItem default="" entryType="" id="3" label="" module="Boolean" namespace="" package="org.vistrails.vistrails.basic" pos="0" values="" />
      </portSpec>
    </add>
    <add id="16" objectId="3" parentObjId="1" parentObjType="module" what="annotation">
      <annotation id="3" key="__inline_widgets__" value="" />
    </add>
    <add id="17" objectId="2" parentObjId="1" parentObjType="module" what="annotation">
      <annotation id="2" key="__desc__" value="MplPlotNDrawAx" />
    </add>
    <add id="18" objectId="2" parentObjId="1" parentObjType="module" what="function">
      <function id="2" name="source" pos="0" />
    </add>
    <add id="19" objectId="2" parentObjId="2" parentObjType="function" what="parameter">
      <parameter alias="" id="2" name="&lt;no description&gt;" pos="0" type="org.vistrails.vistrails.basic:String" val="if%20new_line%3A%0A%20%20%20%20%23%20create%20new%20line%20from%20data%0A%20%20%20%20%23ax.plot%28data%29%0A%20%20%20%20%23plt.plot%28data%29%0A%20%20%20%20plt.scatter%28data%5B0%5D%2C%20data%5B1%5D%29%0Aelse%3A%0A%20%20%20%20import%20numpy%20as%20np%0A%20%20%20%20ax%20%3D%20plt.gca%28%29%0A%20%20%20%20%23%20add%20data%20to%20current%20line%0A%20%20%20%20%23cl%20%3D%20ax.lines%5B-1%5D%0A%20%20%20%20cl%20%3D%20ax.collections%5B-1%5D%0A%20%20%20%20%23xdata%2C%20ydata%20%3D%20cl.get_data%28orig%3DTrue%29%0A%20%20%20%20xydata%20%3D%20cl.get_offsets%28%29%0A%20%20%20%20%23xdata%20%3D%20np.append%28xdata%2C%20data%5B0%5D%29%0A%20%20%20%20%23ydata%20%3D%20np.append%28ydata%2C%20data%5B1%5D%29%0A%20%20%20%20xydata%20%3D%20np.append%28xydata%2C%20data%29%0A%20%20%20%20%23cl.set_xdata%28xdata%29%0A%20%20%20%20%23cl.set_ydata%28ydata%29%0A%20%20%20%20cl.set_offsets%28xydata%29%0Aplt.draw%28%29%0A" />
    </add>
    <add id="20" objectId="1" parentObjId="1" parentObjType="module" what="location">
      <location id="1" x="-77.3774868192" y="-204.064304773" />
    </add>
    <add id="21" objectId="2" parentObjId="" parentObjType="" what="module">
      <module cache="1" id="2" name="PythonSource" namespace="" package="org.vistrails.vistrails.basic" version="2.1.1" />
    </add>
    <add id="22" objectId="8" parentObjId="2" parentObjType="module" what="portSpec">
      <portSpec depth="0" id="8" maxConns="-1" minConns="0" name="shape" optional="0" sortKey="0" type="input">
        <portSpecItem default="" entryType="" id="8" label="" module="List" namespace="" package="org.vistrails.vistrails.basic" pos="0" values="" />
      </portSpec>
    </add>
    <add id="23" objectId="7" parentObjId="2" parentObjType="module" what="portSpec">
      <portSpec depth="0" id="7" maxConns="-1" minConns="0" name="outp" optional="0" sortKey="0" type="output">
        <portSpecItem default="" entryType="" id="7" label="" module="Variant" namespace="" package="org.vistrails.vistrails.basic" pos="0" values="" />
      </portSpec>
    </add>
    <add id="24" objectId="5" parentObjId="2" parentObjType="module" what="annotation">
      <annotation id="5" key="__inline_widgets__" value="shape" />
    </add>
    <add id="25" objectId="4" parentObjId="2" parentObjType="module" what="annotation">
      <annotation id="4" key="__desc__" value="NP_random" />
    </add>
    <add id="26" objectId="4" parentObjId="2" parentObjType="module" what="function">
      <function id="4" name="shape" pos="1" />
    </add>
    <add id="27" objectId="4" parentObjId="4" parentObjType="function" what="parameter">
      <parameter alias="" id="4" name="&lt;no description&gt;" pos="0" type="org.vistrails.vistrails.basic:List" val="[2]" />
    </add>
    <add id="28" objectId="3" parentObjId="2" parentObjType="module" what="function">
      <function id="3" name="source" pos="0" />
    </add>
    <add id="29" objectId="3" parentObjId="3" parentObjType="function" what="parameter">
      <parameter alias="" id="3" name="&lt;no description&gt;" pos="0" type="org.vistrails.vistrails.basic:String" val="import%20numpy%20as%20np%0Aoutp%20%3D%20np.random.random%28shape%29" />
    </add>
    <add id="30" objectId="2" parentObjId="2" parentObjType="module" what="location">
      <location id="2" x="-195.058119883" y="203.260055722" />
    </add>
    <add id="31" objectId="3" parentObjId="" parentObjType="" what="module">
      <module cache="1" id="3" name="InputPort" namespace="" package="org.vistrails.vistrails.basic" version="2.1.1" />
    </add>
    <add id="32" objectId="5" parentObjId="3" parentObjType="module" what="function">
      <function id="5" name="name" pos="0" />
    </add>
    <add id="33" objectId="5" parentObjId="5" parentObjType="function" what="parameter">
      <parameter alias="" id="5" name="&lt;no description&gt;" pos="0" type="org.vistrails.vistrails.basic:String" val="plt" />
    </add>
    <add id="34" objectId="3" parentObjId="3" parentObjType="module" what="location">
      <location id="3" x="25.6627870548" y="68.0240088658" />
    </add>
    <add id="35" objectId="4" parentObjId="" parentObjType="" what="module">
      <module cache="1" id="4" name="OutputPort" namespace="" package="org.vistrails.vistrails.basic" version="2.1.1" />
    </add>
    <add id="36" objectId="6" parentObjId="4" parentObjType="module" what="function">
      <function id="6" name="name" pos="0" />
    </add>
    <add id="37" objectId="6" parentObjId="6" parentObjType="function" what="parameter">
      <parameter alias="" id="6" name="&lt;no description&gt;" pos="0" type="org.vistrails.vistrails.basic:String" val="plt" />
    </add>
    <add id="38" objectId="4" parentObjId="4" parentObjType="module" what="location">
      <location id="4" x="-75.2941882066" y="-330.808478953" />
    </add>
    <add id="39" objectId="5" parentObjId="" parentObjType="" what="module">
      <module cache="1" id="5" name="InputPort" namespace="" package="org.vistrails.vistrails.basic" version="2.1.1" />
    </add>
    <add id="40" objectId="7" parentObjId="5" parentObjType="module" what="function">
      <function id="7" name="name" pos="0" />
    </add>
    <add id="41" objectId="7" parentObjId="7" parentObjType="function" what="parameter">
      <parameter alias="" id="7" name="&lt;no description&gt;" pos="0" type="org.vistrails.vistrails.basic:String" val="new_line" />
    </add>
    <add id="42" objectId="5" parentObjId="5" parentObjType="module" what="location">
      <location id="5" x="228.947017824" y="69.9151391378" />
    </add>
    <add id="43" objectId="6" parentObjId="" parentObjType="" what="module">
      <module cache="1" id="6" name="Boolean" namespace="" package="org.vistrails.vistrails.basic" version="2.1.1" />
    </add>
    <add id="44" objectId="6" parentObjId="6" parentObjType="module" what="annotation">
      <annotation id="6" key="__inline_widgets__" value="value" />
    </add>
    <add id="45" objectId="8" parentObjId="6" parentObjType="module" what="function">
      <function id="8" name="value" pos="0" />
    </add>
    <add id="46" objectId="8" parentObjId="8" parentObjType="function" what="parameter">
      <parameter alias="" id="8" name="&lt;no description&gt;" pos="0" type="org.vistrails.vistrails.basic:Boolean" val="False" />
    </add>
    <add id="47" objectId="6" parentObjId="6" parentObjType="module" what="location">
      <location id="6" x="227.017369583" y="186.980465771" />
    </add>
    <add id="48" objectId="7" parentObjId="" parentObjType="" what="module">
      <module cache="1" id="7" name="InputPort" namespace="" package="org.vistrails.vistrails.basic" version="2.1.1" />
    </add>
    <add id="49" objectId="9" parentObjId="7" parentObjType="module" what="function">
      <function id="9" name="name" pos="0" />
    </add>
    <add id="50" objectId="9" parentObjId="9" parentObjType="function" what="parameter">
      <parameter alias="" id="9" name="&lt;no description&gt;" pos="0" type="org.vistrails.vistrails.basic:String" val="data" />
    </add>
    <add id="51" objectId="7" parentObjId="7" parentObjType="module" what="location">
      <location id="7" x="-160.154999802" y="67.5484754168" />
    </add>
    <add id="52" objectId="0" parentObjId="" parentObjType="" what="connection">
      <connection id="0" />
    </add>
    <add id="53" objectId="1" parentObjId="0" parentObjType="connection" what="port">
      <port id="1" moduleId="1" moduleName="PythonSource" name="plt" signature="(org.vistrails.vistrails.basic:Variant)" type="destination" />
    </add>
    <add id="54" objectId="0" parentObjId="0" parentObjType="connection" what="port">
      <port id="0" moduleId="0" moduleName="PythonSource" name="variable" signature="(org.vistrails.vistrails.basic:Variant)" type="source" />
    </add>
    <add id="55" objectId="1" parentObjId="" parentObjType="" what="connection">
      <connection id="1" />
    </add>
    <add id="56" objectId="3" parentObjId="1" parentObjType="connection" what="port">
      <port id="3" moduleId="0" moduleName="PythonSource" name="variable" signature="(org.vistrails.vistrails.basic:Variant)" type="destination" />
    </add>
    <add id="57" objectId="2" parentObjId="1" parentObjType="connection" what="port">
      <port id="2" moduleId="3" moduleName="InputPort" name="InternalPipe" signature="(org.vistrails.vistrails.basic:Variant)" type="source" />
    </add>
    <add id="58" objectId="2" parentObjId="" parentObjType="" what="connection">
      <connection id="2" />
    </add>
    <add id="59" objectId="5" parentObjId="2" parentObjType="connection" what="port">
      <port id="5" moduleId="4" moduleName="OutputPort" name="InternalPipe" signature="(org.vistrails.vistrails.basic:Variant)" type="destination" />
    </add>
    <add id="60" objectId="4" parentObjId="2" parentObjType="connection" what="port">
      <port id="4" moduleId="1" moduleName="PythonSource" name="plt" signature="(org.vistrails.vistrails.basic:Variant)" type="source" />
    </add>
    <add id="61" objectId="3" parentObjId="" parentObjType="" what="connection">
      <connection id="3" />
    </add>
    <add id="62" objectId="7" parentObjId="3" parentObjType="connection" what="port">
      <port id="7" moduleId="1" moduleName="PythonSource" name="new_line" signature="(org.vistrails.vistrails.basic:Boolean)" type="destination" />
    </add>
    <add id="63" objectId="6" parentObjId="3" parentObjType="connection" what="port">
      <port id="6" moduleId="5" moduleName="InputPort" name="InternalPipe" signature="(org.vistrails.vistrails.basic:Variant)" type="source" />
    </add>
    <add id="64" objectId="4" parentObjId="" parentObjType="" what="connection">
      <connection id="4" />
    </add>
    <add id="65" objectId="9" parentObjId="4" parentObjType="connection" what="port">
      <port id="9" moduleId="5" moduleName="InputPort" name="Default" signature="(org.vistrails.vistrails.basic:Variant)" type="destination" />
    </add>
    <add id="66" objectId="8" parentObjId="4" parentObjType="connection" what="port">
      <port id="8" moduleId="6" moduleName="Boolean" name="value" signature="(org.vistrails.vistrails.basic:Boolean)" type="source" />
    </add>
    <add id="67" objectId="5" parentObjId="" parentObjType="" what="connection">
      <connection id="5" />
    </add>
    <add id="68" objectId="11" parentObjId="5" parentObjType="connection" what="port">
      <port id="11" moduleId="1" moduleName="PythonSource" name="data" signature="(org.vistrails.vistrails.basic:Variant)" type="destination" />
    </add>
    <add id="69" objectId="10" parentObjId="5" parentObjType="connection" what="port">
      <port id="10" moduleId="7" moduleName="InputPort" name="InternalPipe" signature="(org.vistrails.vistrails.basic:Variant)" type="source" />
    </add>
    <add id="70" objectId="6" parentObjId="" parentObjType="" what="connection">
      <connection id="6" />
    </add>
    <add id="71" objectId="13" parentObjId="6" parentObjType="connection" what="port">
      <port id="13" moduleId="7" moduleName="InputPort" name="Default" signature="(org.vistrails.vistrails.basic:Variant)" type="destination" />
    </add>
    <add id="72" objectId="12" parentObjId="6" parentObjType="connection" what="port">
      <port id="12" moduleId="2" moduleName="PythonSource" name="outp" signature="(org.vistrails.vistrails.basic:Variant)" type="source" />
    </add>
  </action>
  <annotation id="8" key="__abstraction_origin_uuid__" value="13225b0f-f6f1-11e8-ac20-080027b51ac0" />
  <annotation id="9" key="__abstraction_uuid__" value="13225b0f-f6f1-11e8-ac20-080027b51ac0" />
</vistrail>
